"id","date","srcip","dstip","srcport","dstport","flow","count"
"1","2015/7/22 0","6.533237321744629","4.550932315301017","9.40970853796888","4.514191152397177","22132116","4033"
"2","2015/7/22 1","7.483860475867159","5.192140479881845","10.539583985956867","5.671370594926733","551401041","25597"
"3","2015/7/22 2","6.211740136346104","4.866360749494311","8.586822708442352","4.550481720548999","13436057","1399"
"4","2015/7/22 3",,,,,,
"5","2015/7/22 4",,,,,,
"6","2015/7/22 5","0.9182958340544896","0.9182958340544896","0.9182958340544896","0.9182958340544896","1057","3"
"7","2015/7/22 6",,,,,,
"8","2015/7/22 7","2.8060538210635024","3.6080181348164513","2.7406776928575987","7.076650539914901","12329114","230"
"9","2015/7/22 8","3.140016417979761","3.848318998751723","3.1076737929020517","7.27664651052785","9949923","263"
"10","2015/7/22 9",,,,,,
"11","2015/7/22 10","6.599123224082425","5.081877719742337","6.5584075134446085","6.101134572532628","12403388","944"
"12","2015/7/22 11","7.457059414768868","5.267121215203764","10.505088842692954","5.807940506146313","610032825","26825"
"13","2015/7/23 0","5.991756990712166","4.621198666831007","8.245924704682432","4.925734729310896","20745421","1497"
"14","2015/7/23 1","5.914868724782831","5.544409445806155","6.400132101761706","7.919532361355723","156436734","3513"
"15","2015/7/23 2","5.784329693374596","4.650799149497356","8.820497032404273","4.690817308254815","19064764","1911"
"16","2015/7/23 3","5.7204971904306285","4.507369654098239","9.017022928442923","4.648463251953661","17138097","2638"
"17","2015/7/23 4","5.849686538347108","4.372529768329431","8.867077401976957","5.029322884698254","7529122","3447"
"18","2015/7/23 5","4.153254963925618","4.747485146751682","6.763237304208203","4.856841886790845","3873823","472"
"19","2015/7/23 6","2.8122223875837937","3.4820217446676964","2.724781883113106","5.028629862034982","5044284","67"
"20","2015/7/23 7","3.285015044572063","2.347196196543863","3.2134643423386","5.176456064304172","9800530","79"
"21","2015/7/23 8","3.1363827602676215","3.46615369399106","3.1032314699844297","7.256963195007502","8651004","241"
"22","2015/7/23 9",,,,,,
"23","2015/7/23 10","3.1679847845119196","4.052219280827377","3.0386636594891216","7.25233629560586","57255063","396"
"24","2015/7/23 11","6.092812370538968","5.11020628460472","9.24641673866963","6.653692036174969","326924695","12316"
"25","2015/7/24 0","3.220433677840891","3.8846356970747586","2.8049399340613146","4.049780488987899","5297172","51"
"26","2015/7/24 1","6.082760629372694","4.838248696516055","10.216546193145108","6.1662553057090665","467809350","22431"
"27","2015/7/24 2","6.0838097542144425","4.768563693137691","9.8279649041476","6.103278647712911","297602194","15599"
"28","2015/7/24 3","2.9150118116537316","4.035373649273906","3.4820496228543525","5.404926234642543","3376795","95"
"29","2015/7/24 4","3.2598541808910384","4.089813961096582","3.1732278448386637","6.233963642708275","1419632","170"
"30","2015/7/24 5","2.75305168219226","4.282295166152859","3.0558625279336056","7.414311581322014","2438662","318"
"31","2015/7/24 6","3.4302544945688695","4.403497712594062","2.825169112776579","5.756673122890427","4200727","160"
"32","2015/7/24 7","2.9215816953931744","4.202262454806065","2.9648934968022362","7.300537353295152","7670989","294"
"33","2015/7/24 8","3.218435509000156","4.3147289715464145","3.1880371983923306","7.028809954976662","1693233","236"
"34","2015/7/24 9",,,,,,
"35","2015/7/24 10","5.558435444245262","4.361698871137605","7.720904461733435","5.992199631327534","58409471","2325"
"36","2015/7/24 11","6.166232764155655","4.967583540704817","10.235202592355936","6.5814103711032","736679910","37222"
"37","2015/7/25 0","5.945345156569371","4.420912669593339","9.239238333565645","4.8534762542436765","36988107","3868"
"38","2015/7/25 1","7.384120413445135","5.230521765578572","10.57672800798097","5.752585571808022","944699318","27828"
"39","2015/7/25 2","6.488382186296259","4.679594264717808","10.131751123966572","4.884779569799597","133154961","7469"
"40","2015/7/25 3","5.951026579818496","4.17744394297964","9.360927842963047","4.581794007202005","8297826","3861"
"41","2015/7/25 4","5.859381263508183","4.261937063995594","9.34343357285644","4.2993286807526045","24744705","2903"
"42","2015/7/25 5","6.04137774904501","4.215599626927269","9.338136683388882","4.435004116536142","32330982","3322"
"43","2015/7/25 6","6.157394793747","4.352011582681779","9.250960982650462","4.720479701518604","14135843","3271"
"44","2015/7/25 7","6.778741388923215","4.503040832997709","9.389674467883294","5.073803043136984","63191400","5634"
"45","2015/7/25 8","6.8690679141364726","4.725692966881745","9.381084636061976","4.631025382307965","108292013","2891"
"46","2015/7/25 9",,,,,,
"47","2015/7/25 10","6.576228996204288","4.498216510130379","8.62694033570174","4.522878237274608","42370816","1472"
"48","2015/7/25 11","7.10705773256367","5.060423562767376","11.004117091112377","5.767269932908748","1338913317","57723"
"49","2015/7/26 0","6.173012047407407","4.307606404935898","6.924397088109586","4.694840002656915","14362466","452"
"50","2015/7/26 1","7.4158870538573405","5.175595851159054","10.600988774237319","6.226070176531476","1229800683","59767"
"51","2015/7/26 2","6.53166521656279","4.436188199042317","10.331008083664583","4.300930714584164","86885404","6236"
"52","2015/7/26 3","5.63435511643288","4.10506955801038","8.42451723079869","3.7329798738525097","7135548","858"
"53","2015/7/26 4",,,,,,
"54","2015/7/26 5","1.7295739585136223","1.780672129520887","3.2516291673878226","2.751629167387823","16900","12"
"55","2015/7/26 6","6.050335911122745","4.223785812625891","8.23742501982523","4.148217976605093","20341720","930"
"56","2015/7/26 7","5.891065202070109","4.458566002041215","8.516355408686975","3.6830993601800723","8132883","1026"
"57","2015/7/26 8","2.25","2.25","1.061278124459133","2.25","9360","8"
"58","2015/7/26 9",,,,,,
"59","2015/7/26 10","7.240311230436297","4.985637094287521","9.39965913662779","5.62725054869951","100973866","7169"
"60","2015/7/26 11","7.382282871702825","5.162740076185076","10.769448482272805","6.101627284796498","1349623793","63689"
"61","2015/7/27 0","5.802751093978993","4.352959446925822","9.265797832413586","3.842064121949325","14563756","2006"
"62","2015/7/27 1","6.811009272378561","4.04391307387153","11.579389711589839","4.275857038051667","834739888","44341"
"63","2015/7/27 2","6.635688295913714","4.2275590489313855","11.06211490658278","4.38963267665884","1153354806","14113"
"64","2015/7/27 3","5.068224724886816","3.5963508507187822","10.304812270258111","3.18066445737759","39434315","2785"
"65","2015/7/27 4","5.73461896665749","3.8102827505776515","9.89656999186862","3.467716515268634","8048896","2576"
"66","2015/7/27 5","5.7026177076998765","4.0047496928934025","9.382912868545358","3.5983213096848132","17988668","1758"
"67","2015/7/27 6","5.694495762111798","4.634377597935102","8.827372749668001","4.068004715803829","12152999","1740"
"68","2015/7/27 7","6.4937888452854065","4.613266505351643","9.06036902271081","4.147604628181653","43121439","2354"
"69","2015/7/27 8","6.740775130115449","4.049642610257297","10.316679941093097","3.8802377371991055","95187059","4620"
"70","2015/7/27 9",,,,,,
"71","2015/7/27 10","6.719882219879557","3.7687853151780852","10.202099315338303","3.6537861621325454","70301486","4492"
"72","2015/7/27 11","6.825135194961356","4.2270796886886615","11.791116932746611","4.4494061994694","2186852989","74409"
"73","2015/7/28 0","6.167395974247461","3.818565215812863","9.515977995859298","3.824672321128202","7461133","2055"
"74","2015/7/28 1","7.278994358564395","5.232525804942675","10.680349795957692","5.695169987277563","877526402","21217"
"75","2015/7/28 2","5.782669825773555","3.488147457786169","10.131838651534059","3.167867108241322","6924295","2812"
"76","2015/7/28 3","5.628662972622349","3.5260032820939995","10.24684860241678","3.3239978622848456","13783178","3177"
"77","2015/7/28 4","5.698497115201291","3.5657432749471516","10.226950691848788","3.20403789144926","9848833","2996"
"78","2015/7/28 5","5.860108735791575","3.491629431231745","8.802284468849873","2.8553173649041717","8774809","774"
"79","2015/7/28 6","5.7257805685241205","3.7977252856558996","9.367391082556003","3.4099556217994578","8420468","1482"
"80","2015/7/28 7","6.724259213643219","3.5631722206609706","9.405614997073634","3.297417961388076","11226667","2540"
"81","2015/7/28 8","6.3233119661492765","4.952130461911399","8.465694923896798","3.9904938024685106","42907790","921"
"82","2015/7/28 9",,,,,,
"83","2015/7/28 10","7.338263766545287","5.5073593928555695","9.24213008315578","5.582254267826727","442303330","3719"
"84","2015/7/28 11","7.104672938948746","4.886855511132074","11.28626809193312","4.998080959971464","1110552598","33986"
"85","2015/7/29 0",,,,,,
"86","2015/7/29 1","1.2776134368191154","2.2221915755066783","1.2776134368191154","3.277613436819116","238538","11"
"87","2015/7/29 2",,,,,,
"88","2015/7/29 3",,,,,,
"89","2015/7/29 4",,,,,,
"90","2015/7/30 0",,,,,,
"91","2015/7/30 1","6.3271871578704175","4.754955701579258","11.18548273108378","5.418007069752651","260887151","18781"
"92","2015/7/30 2","5.739363918972997","4.617832186836499","10.417591744274025","5.6669568647821915","56595936","8738"
"93","2015/7/30 3",,,,,,
"94","2015/7/30 4",,,,,,
"95","2015/7/30 5",,,,,,
"96","2015/7/30 6",,,,,,
"97","2015/7/30 7",,,,,,
"98","2015/7/30 8",,,,,,
"99","2015/7/30 9",,,,,,
"100","2015/7/30 10","6.173861623227931","5.7971628313097225","5.962776228794943","3.5165752237109364","2130339","177"
"101","2015/7/30 11","6.165127807352848","4.712136600534974","11.264966101989044","5.681241152080239","315352748","27342"
"102","2015/7/31 0","5.4945658737024115","4.639211635873758","9.130829382572625","5.3216095382159985","9908874","2195"
"103","2015/7/31 1","4.009116413914051","3.244756247411869","11.73777421712493","3.9421503677114678","309179715","59389"
"104","2015/7/31 2","5.329591099840677","4.547526241648509","9.349804060692609","5.028826545793626","8186318","2214"
"105","2015/7/31 3","5.4994014035242476","4.71790610968726","9.13842655191518","5.117821074747722","15632940","2140"
"106","2015/7/31 4","6.0217615816831485","5.306386868438303","8.864014477721089","5.179695861672782","68148610","1930"
"107","2015/7/31 5","5.412889360174261","4.54908510546701","9.216482021870608","5.100924154527688","7682341","2080"
"108","2015/7/31 6","5.823756436697892","4.938965019998284","9.072652614806762","5.288079940530858","45642008","2081"
"109","2015/7/31 7","5.662376271083034","4.872483804236869","8.234822161176526","5.820823309853556","7025641","1493"
"110","2015/7/31 8","5.132540691306667","4.5224556193445595","6.741407615568198","6.944009404932227","9948128","1186"
"111","2015/7/31 9",,,,,,
"112","2015/7/31 10","5.240117298039047","4.067480802748333","4.912576277952527","6.558060705816674","644832","451"
"113","2015/7/31 11","4.556804276414717","3.7733937689837953","11.732521964303439","4.680404961776752","474549146","73096"
"114","2015/8/1 0","0","0","0","0","17435167","1"
"115","2015/8/1 1","7.310160111664642","4.5482677855847555","11.3078963829646","4.856556124190627","456298458","41569"
"116","2015/8/1 2","6.7631325837147545","4.475289752920458","10.090234956401025","4.985919768298889","183435412","4868"
"117","2015/8/1 3",,,,,,
"118","2015/8/1 4",,,,,,
"119","2015/8/1 5",,,,,,
"120","2015/8/1 6",,,,,,
"121","2015/8/1 7","0","0","0","0","16785342","1"
"122","2015/8/1 8","7.2923665074947275","4.345540328807856","8.741247890744637","5.589981008070103","143762285","2802"
"123","2015/8/1 9",,,,,,
"124","2015/8/1 10","7.354466437133334","4.76816838525436","9.510493974178095","5.615607767031618","115697778","4918"
"125","2015/8/1 11","6.821961865148158","7.443227304701381","5.770569455110951","9.875837967520132","10894102501","837669"
"126","2015/8/2 0","0","0","0","0","16778903","1"
"127","2015/8/2 1","7.57898336838563","5.227284452749921","10.37806209917916","5.5707212186934765","520631253","28670"
"128","2015/8/2 2","6.856674799517685","4.352116219274122","8.370046376215692","4.355448077372589","113476596","6036"
"129","2015/8/2 3",,,,,,
"130","2015/8/2 4",,,,,,
"131","2015/8/2 5",,,,,,
"132","2015/8/2 6",,,,,,
"133","2015/8/2 7","0","0","0","0","16519891","1"
"134","2015/8/2 8",,,,,,
"135","2015/8/2 9",,,,,,
"136","2015/8/2 10","7.394255392737073","3.6168644706220543","8.104983366144296","1.8592772512542377","16457700","839"
"137","2015/8/2 11","6.840583203131648","7.341197046206658","6.0057096338736775","9.625996422956709","9480834280","602370"
"138","2015/8/3 0","1.576382317638213","3.8759911548530224","2.472723671202835","4.677845929072434","1842874","139"
"139","2015/8/3 1","7.2644506361464","3.3434248483150077","10.857400259201903","1.660040074617981","159335600","23164"
"140","2015/8/3 2","6.670843113825696","4.399777403560779","10.085124623053234","5.253240532168108","794380895","7975"
"141","2015/8/3 3","1.3327293095458383","3.825608928230923","0.8963943278363415","5.4237253430230865","155539","106"
"142","2015/8/3 4","1.5144642304722375","4.03601439769862","0.6583880623794863","5.815387735378147","184603","124"
"143","2015/8/3 5","1.3663146570363986","3.7280978184086613","0.8666847557897408","5.584555208874202","149950","96"
"144","2015/8/3 6","1.1954071677806593","3.7834218858740485","0.43028284726413896","5.980225720940556","239889","140"
"145","2015/8/3 7","2.3497478178031708","3.368788067264041","0.1783359135981088","4.511639753860701","22507649","659"
"146","2015/8/3 8","1.2148835786900796","2.275806967631239","0.16843748714978593","3.7859124438535603","9217301","437"
"147","2015/8/3 9",,,,,,
"148","2015/8/3 10","7.0889202602350485","2.678755701169935","9.842644276907935","0.9946063292442723","4782032","2487"
"149","2015/8/3 11","7.2314624004860555","7.053347655952114","6.871759042443744","8.254715172653661","3858052319","137212"
"150","2015/8/4 2","6.822371418526234","3.1334454193975896","8.641349871406039","0.7106735078699035","1122007","620"
"151","2015/8/4 3",,,,,,
"152","2015/8/4 6",,,,,,
"153","2015/8/4 8",,,,,,
"154","2015/8/4 9",,,,,,
"155","2015/8/4 10","5.775785045085136","3.6925754128503008","7.548224390183959","4.020117261720264","213573554","2215"
"156","2015/8/4 11","7.194926834380195","3.262014421907626","10.512952276850095","1.3143455524503638","72293417","6593"
"157","2015/8/5 2",,,,,,
"158","2015/8/5 3",,,,,,
"159","2015/8/5 4",,,,,,
"160","2015/8/5 5",,,,,,
"161","2015/8/5 6",,,,,,
"162","2015/8/5 8","6.388854310746644","2.98919127968816","8.540637488835435","0.701986088557951","1078323","599"
"163","2015/8/6 0",,,,,,
"164","2015/8/6 1","2.1409508524989","3.8822591837897473","1.564421130489199","7.452916009359144","2193132","612"
"165","2015/8/6 2","1.3305824499463508","3.6031980007370943","0.8670487237546175","7.3223233164309285","665931","419"
"166","2015/8/6 3",,,,,,
"167","2015/8/6 4",,,,,,
"168","2015/8/6 5",,,,,,
"169","2015/8/6 6",,,,,,
"170","2015/8/6 7",,,,,,
"171","2015/8/6 8","6.7252524899082395","3.19058543340282","8.045615062717221","1.82271759750314","6135618","1827"
"172","2015/8/6 9",,,,,,
"173","2015/8/6 10","5.544765340662047","4.136222593215432","6.094360362705712","4.839048745692245","8994681","2858"
"174","2015/8/7 0","5.221524955948269","3.807945191289912","7.953930819818563","2.0896108957563437","9752458","862"
"175","2015/8/7 1","5.687960206965477","3.6997277608379027","10.202612232059018","2.638855807554418","75880210","10360"
"176","2015/8/7 2","4.886644339369316","4.3673566865735145","6.5310552657020216","4.222745391434761","9413673","1380"
"177","2015/8/7 3","5.313290039957147","3.729069810243743","8.325546547797584","1.80856664109486","1587435","984"
"178","2015/8/7 4","5.20860680328695","3.793658574485155","7.874075017420501","2.232426802885753","11802582","936"
"179","2015/8/7 5","5.245329088707341","3.840328611634861","8.109844462640805","2.0342783051761706","12553775","1004"
"180","2015/8/7 6","5.400558978577416","3.8942308555630896","7.8540015711083075","1.8973718132808037","1018445","704"
"181","2015/8/7 7","5.5480339425766605","3.858279147959011","8.176121761743325","1.8366506167491912","1445379","921"
"182","2015/8/7 8","5.571350190280431","4.150255162316715","7.025641298473125","2.42530709423813","3634922","1116"
"183","2015/8/7 9",,,,,,
"184","2015/8/7 10","5.511368577800246","3.8705083780870835","8.151125114302474","1.984213956925088","12151921","1014"
"185","2015/8/7 11","5.682386778819942","3.958483641884906","10.204685828084939","3.038274953393081","106706435","17382"
"186","2015/8/8 0","1.427455023186467","3.4478085018206404","0.9271305842996553","5.349786840322022","133009","88"
"187","2015/8/8 1","7.171286302373144","3.621005148548135","10.785743839654137","1.6963947223473077","126866546","17240"
"188","2015/8/8 2","6.516387288417122","4.239263217746626","9.45174036587916","2.4547143927496964","26871215","5262"
"189","2015/8/8 3","1.3715674207884956","3.5092222655915495","0.8081334278275808","5.468588493671154","161141","105"
"190","2015/8/8 4","1.427455023186467","3.4550517710821183","0.9271305842996553","5.3367726695524","136699","88"
"191","2015/8/8 5","1.6078905057371347","3.654243721260835","0.8690986001747196","5.17582648423263","146008","86"
"192","2015/8/8 6","1.4879784998557717","3.500357468238601","1.1688295636855592","5.241992277366421","153094","94"
"193","2015/8/8 7","3.350217858595432","3.792423451945325","1.3465784634543565","4.342436583014614","8033146","371"
"194","2015/8/8 8","6.685291754546753","2.7433241548954936","8.537756318082474","1.6309240728480716","4410320","1605"
"195","2015/8/8 9",,,,,,
"196","2015/8/8 10","7.09453452591758","2.8094672182816796","9.424690618440929","0.9643856975062047","3055311","1567"
"197","2015/8/8 11","7.040852707931348","3.965225587657586","10.448371526306003","2.4038185886074395","175055558","24994"
"198","2015/8/9 0","5.991796350688836","3.8424458189566213","8.423114278781066","1.7464540962922541","1932307","1041"
"199","2015/8/9 1","6.222129986636687","4.304197716614037","8.1136369753458","3.46428931089532","107358709","10827"
"200","2015/8/9 2","6.668729176820167","3.8903223487147383","10.33326716275962","1.9660604450845438","9774690","5914"
"201","2015/8/9 3","5.811193308706571","3.5181016748569034","8.606169731314623","1.6516132841084639","1778518","1066"
"202","2015/8/9 4","5.823260375973612","3.6831153867618447","8.149818228793109","1.5387369467670067","1106600","710"
"203","2015/8/9 5","5.891172671633917","3.5141860797857496","8.73738402257703","1.5560848984766154","1779973","1086"
"204","2015/8/9 6","6.057454779355863","3.7219685862038094","8.675092221532372","1.6387932542288157","2215732","1171"
"205","2015/8/9 7","6.326931021940989","4.574965729168746","6.220365224765451","0.5711479118141066","117030","161"
"206","2015/8/9 8","6.5832118590516595","4.873639045409244","6.234928858960478","3.1478232138207725","21730159","2244"
"207","2015/8/9 9",,,,,,
"208","2015/8/9 10","6.329876197095065","3.719951682550751","7.596830981697984","2.5636263861301933","28269393","2493"
"209","2015/8/9 11",,,,,,
"210","2015/8/10 0","5.817574706914265","3.756997369187563","8.319407573586595","2.170963897335802","9854711","1210"
"211","2015/8/10 1","7.258392331976164","4.321212042559485","9.771159215228446","2.0853118458943647","47127211","6847"
"212","2015/8/10 2","5.619807444586706","6.692728118352639","3.535466177714897","7.103833429494032","11046283","4057"
"213","2015/8/10 3","6.413278586020454","3.7566668741411378","7.563618102105203","0.9321320857068364","473703","338"
"214","2015/8/10 4","6.082201834247683","3.855479036114707","8.113944268018853","1.1790973970538354","885486","584"
"215","2015/8/10 5",,,,,,
"216","2015/8/10 6",,,,,,
"217","2015/8/10 7","4.771424258406729","5.22924603679742","1.3807363784768696","3.3683460050825738","2395473","212"
"218","2015/8/10 8","5.789347542611009","3.7736870447491278","6.709905739497648","2.2812039352348217","12557537","1730"
"219","2015/8/10 9",,,,,,
"220","2015/8/10 10","6.5776408961913555","3.810220785250443","8.450054339947187","1.9171164372348704","32513970","2244"
"221","2015/8/10 11","7.093060246403405","5.611401213071569","8.045935045852335","4.404924925841843","64145581","14060"
"222","2015/8/11 0","5.80814183775913","8.388165006773598","2.9078657758414814","8.601465036091989","10127440","4717"
"223","2015/8/11 1","5.345693478098652","7.875556747952796","1.6302444427702543","11.030095887782512","703552156","33820"
"224","2015/8/11 2","4.843889968571133","7.0636422754154715","1.599168877919752","10.290221842427254","40657723","7889"
"225","2015/8/11 3","3.7476408116719715","6.553518331267591","0.37752013882645574","8.318284507898003","2064875","926"
"226","2015/8/11 4","3.7020862041264104","6.563890727539705","0.3770903339783807","8.198901066780985","2381567","994"
"227","2015/8/11 5","3.7269073346349573","6.617496958795543","0.48537584359412794","8.373595613548895","2322898","966"
"228","2015/8/11 6","3.7342637763255864","5.931397522740637","0.3220956453465131","7.3496071746493525","19004537","1617"
"229","2015/8/11 7","4.619580668212724","6.792577726366984","0.7491013185704365","7.92501822444856","62659777","2686"
"230","2015/8/11 8","4.565723299404904","6.5960847943849945","1.0525093233815277","7.956422216541033","119007028","2561"
"231","2015/8/11 9",,,,,,
"232","2015/8/11 10","5.695376408545147","7.763154120456774","1.1494127018823275","9.267353714575615","70706901","4465"
"233","2015/8/11 11","5.1455039582744835","7.787978018468","1.6041466028600135","11.264507446679374","973438541","51835"
"234","2015/8/12 0","4.794275431986123","6.4657460897328916","1.6451362476022513","8.149928130622623","4846274","1501"
"235","2015/8/12 1","5.401133206031533","7.5351651832198","1.9494891613273662","11.10016456346129","648931336","40428"
"236","2015/8/12 2","5.196037273093093","6.495421307013976","2.0463246130533927","9.435473259099068","10108711","4669"
"237","2015/8/12 3",,,,,,
"238","2015/8/12 4",,,,,,
"239","2015/8/12 5",,,,,,
"240","2015/8/12 6",,,,,,
"241","2015/8/12 7",,,,,,
"242","2015/8/12 8","5.309399750280019","7.288110112686656","1.4629414909278997","8.9970349705511","127750854","3534"
"243","2015/8/12 9",,,,,,
"244","2015/8/12 10","5.069119422794796","6.954542927480346","1.359974473741702","8.916900152750497","166866144","5774"
"245","2015/8/12 11","5.425799291262935","7.554506469572661","2.0497757688372586","11.25567710313495","693686316","45978"
"246","2015/8/13 0","4.811842476945858","5.948938454433869","1.8165671959240786","7.747028923680234","2563634","1203"
"247","2015/8/13 1","5.2489006808993235","6.2976362953931595","2.7371562796774715","10.727461822628566","113614394","25783"
"248","2015/8/13 2","5.200785891221528","6.164810343526514","2.499674154127039","10.023126854231437","20268325","9784"
"249","2015/8/13 3","4.807634309236787","5.902458746503158","1.9242364338511768","7.841817963425448","2084968","1159"
"250","2015/8/13 4","4.774982700545537","6.011004524645915","1.9467236645523966","7.679726334647304","2756141","1124"
"251","2015/8/13 5","4.782108230963872","6.032765330960054","1.7923298081811416","7.8573419296334395","2614409","1161"
"252","2015/8/13 6","4.798799914930585","5.929438038749234","1.8576051151156012","7.998262043793695","6393853","1153"
"253","2015/8/13 7","5.277690229572742","6.018979398394193","2.389260170600424","8.008803626508252","11476454","1923"
"254","2015/8/13 8","5.145538200123686","6.077854989071859","2.12683057544496","8.541188656137837","32042615","2846"
"255","2015/8/13 9",,,,,,
"256","2015/8/13 10","5.2496025359414675","6.093777185103376","2.0937707837725297","8.795936149770833","12021586","2531"
"257","2015/8/13 11","5.245512196524641","6.36947789467283","2.8395167949978246","11.076051672865802","248546271","45442"
"258","2015/8/14 0","6.008057427871716","6.073163966941933","4.311793319594782","7.181223332628964","5005367","2980"
"259","2015/8/14 1","6.245192524076034","6.386424530868839","5.506000262517799","8.731333236890356","201167370","33230"
"260","2015/8/14 2","6.4407903652440766","6.545524261602631","5.147721614423499","8.190832976208316","33496032","12834"
"261","2015/8/14 3","6.01865065767768","5.955348743838578","4.56907843961725","7.013991735084956","5165953","3070"
"262","2015/8/14 4","6.028908075187623","6.018925358699703","4.561355851103088","7.003535546315431","5508022","3092"
"263","2015/8/14 5","6.070931480900223","5.969035505126334","4.605914315507426","6.984174265946846","4717087","2929"
"264","2015/8/14 6","6.012011355441976","5.971643150961517","4.55425882619411","6.984918047563307","6672649","3177"
"265","2015/8/14 7","6.173954733556751","6.084097153496015","4.527330747286295","6.866177527952627","10444987","2603"
"266","2015/8/14 8","5.916513553854973","6.156733225590308","4.388976237479426","7.060584184983826","56159110","3518"
"267","2015/8/14 9",,,,,,
"268","2015/8/14 10","5.902093569991226","6.084169599479517","4.08810381243247","6.996188836055319","37586906","3631"
"269","2015/8/14 11","6.288462646220583","6.4070620893018635","5.798894724120733","9.070485035216938","297553324","64108"
"270","2015/8/15 0","6.039211567543447","5.960776988560771","4.614029777500832","6.999570883799417","5308964","3100"
"271","2015/8/15 1","6.593648666973179","7.13110162457083","5.352272359123446","8.739668467433349","591870602","47971"
"272","2015/8/15 2","6.478002957025931","6.696153896637977","5.305161962139677","8.247148147536715","175243974","16745"
"273","2015/8/15 3","6.229333004485885","6.332923935192531","4.554719605196295","6.398864608666526","2887534","1872"
"274","2015/8/15 4","3.4864405016961446","3.5161506484543557","2.5943609377704338","2.3129072918469555","22178","24"
"275","2015/8/15 5","5.568142952072199","5.577008058612673","3.6942539288067424","4.375293701475951","364131","267"
"276","2015/8/15 6","6.403500598518946","6.711414903522539","4.489307940247391","5.991695005744483","2509202","1362"
"277","2015/8/15 7","6.0499464983289295","6.671593730651212","4.157374879747011","6.4678891971205825","7013050","2310"
"278","2015/8/15 8","6.185870247911497","6.871523328671423","3.8711839624671818","6.959749076842126","17332953","3016"
"279","2015/8/15 9",,,,,,
"280","2015/8/15 10","6.296172643681137","6.835525899737724","4.464609747178608","7.5586931302037055","51205267","5212"
"281","2015/8/15 11","6.734551748098179","7.259898769175768","5.4908732689927175","8.8937358505701","783704484","71179"
"282","2015/8/16 0","5.8884172717572865","6.048127237509409","3.9989447563891987","6.787624206694143","3906209","1820"
"283","2015/8/16 1","6.675908828784008","7.181642764795235","5.471584066650652","8.833421905451608","829434473","57162"
"284","2015/8/16 2","6.423765476298036","6.718841273490152","5.240243396562372","8.335343792619522","107726104","20855"
"285","2015/8/16 3","6.109770410349179","6.218936730904197","3.917828362436328","6.347966417959422","2711006","1212"
"286","2015/8/16 4","5.976808225216422","5.978759652052233","3.929534714910369","5.999881624265463","1653812","924"
"287","2015/8/16 5","5.772795772195767","5.820733533428532","3.9632403672546355","6.697301448540727","2974042","1537"
"288","2015/8/16 6","5.50724333688665","5.693193962353887","3.4414620354231507","6.4816269826728625","14688813","2014"
"289","2015/8/16 7","6.369539831440398","6.882922623412035","3.436935529389617","6.989616230729741","30187203","2754"
"290","2015/8/16 8","6.356011239755373","6.895908208041121","3.437577918010825","7.079806864799037","75253689","8065"
"291","2015/8/16 9",,,,,,
"292","2015/8/16 10","6.470829010347146","6.971612420163726","4.4546750686045655","7.616929156607392","69675342","6462"
"293","2015/8/16 11","6.713938381703148","7.238269976247115","5.412879026836925","9.051526551967102","1061942420","94933"
"294","2015/8/17 0","5.764324068872535","6.191767501909488","3.9625703898641182","7.1243429004434375","36080883","4986"
"295","2015/8/17 1","6.664125828783803","7.222475272612233","5.281412923319093","8.926022754273262","2221528416","62308"
"296","2015/8/17 2","6.462970897578772","6.7335617842234505","5.342149207221462","8.422921509579904","198000465","21906"
"297","2015/8/17 3","6.227545839517164","6.229295121536572","4.7727808265881","7.07943410169566","6058423","3622"
"298","2015/8/17 4","6.168682713752211","6.21703348165846","4.726829033505482","7.13511149545953","6480727","3677"
"299","2015/8/17 5","6.154482754831135","6.257839962833427","4.838617875237605","7.069679533907201","6493701","3724"
"300","2015/8/17 6","6.431013115745814","6.616999273609539","3.9206858463680945","7.279259389979117","35533364","4640"
"301","2015/8/17 7","5.903359696196543","6.538155357988088","3.842137831516256","7.373927369230746","64798027","5412"
"302","2015/8/17 8","6.074798863858061","6.681812355993664","3.8366995959049928","7.254171122625862","64360272","5174"
"303","2015/8/17 9",,,,,,
"304","2015/8/17 10","6.497462200653589","7.031707604539434","4.50591551439291","7.316090765586599","29492396","4290"
"305","2015/8/17 11","6.633632625761948","7.173936239346838","5.463836877026324","9.170821529184305","2604168955","109211"
"306","2015/8/18 0","6.184177925945431","6.31236262188164","4.397682432650384","6.953066903108021","23710162","4135"
"307","2015/8/18 1","6.9358749895357255","7.342471877980215","5.780247015455755","8.58117401766609","852722392","61058"
"308","2015/8/18 2","6.487212423105366","6.742882858573679","5.473958664381901","8.348800761634193","84120269","22230"
"309","2015/8/18 3","6.195941205692525","6.265189314381646","4.717985264754913","7.186138584044915","6345423","3772"
"310","2015/8/18 4","6.197321114816866","6.220362367106072","4.6878201980089305","7.162373611651371","6186758","3578"
"311","2015/8/18 5","6.2256300824044795","6.227471162632944","4.814949848369321","7.141820271978417","6124616","3680"
"312","2015/8/18 6","6.239700141272599","6.387984088769925","4.664296748611481","7.253361988865635","19783674","4163"
"313","2015/8/18 7","6.85684928214643","7.288450653137963","4.0613232738044776","7.286706182837131","88697467","7270"
"314","2015/8/18 8","6.325575289546023","6.9337625891552666","4.134327739712845","7.46299655254069","188936796","7030"
"315","2015/8/18 9",,,,,,
"316","2015/8/18 10","7.191758829930809","7.478132367874724","4.616359212291055","7.306534230319818","331857940","6004"
"317","2015/8/18 11","6.787999780845151","7.2150564479707215","5.785526174429708","8.94036558469233","1073332691","113067"
"318","2015/8/19 0","6.201437601389083","6.33414088082474","4.8289592985974386","7.16307971865835","6968022","3893"
"319","2015/8/19 1","6.8006973069878836","7.30433051052661","5.146795141666206","8.852288752824125","701260322","56330"
"320","2015/8/19 2","6.518973544006087","6.640609913721223","5.535948605558256","8.05415593286813","270069499","15613"
"321","2015/8/19 3","6.266548207622353","6.442094752618678","4.538234426106615","7.292158953386783","6812742","3798"
"322","2015/8/19 4","6.197904884488828","6.294083175028182","4.6615227570258515","7.2913950810934764","6716880","3735"
"323","2015/8/19 5","6.241875414539427","6.379947330287998","4.632578352453538","7.255085580811538","12111165","3774"
"324","2015/8/19 6","5.937814651490968","6.3690980994337725","3.8790107093051187","7.070656660686201","36634596","4945"
"325","2015/8/19 7","6.114969297072482","6.593793782885099","3.8682237289459156","7.301636759560703","118153826","6305"
"326","2015/8/19 8","6.179446457740304","6.877247790623259","3.664804961050291","7.445978679492126","174181720","7860"
"327","2015/8/19 9",,,,,,
"328","2015/8/19 10","6.578583424105773","7.109071096958669","4.372539479521066","7.689569942404185","181141679","6637"
"329","2015/8/19 11","7.222132424591754","6.996977234743215","6.875846936811145","8.536238358232557","1939306454","137005"
"330","2015/8/20 0","6.123807342953099","6.167718811493085","4.832441303211859","6.782127600652374","5192802","3061"
"331","2015/8/20 1","6.791205558589267","6.549393370805068","6.204025267018893","7.469891747939185","80541771","20861"
"332","2015/8/20 2","6.331719779017862","6.441360650406754","5.077839119688881","7.8774097000143675","79086712","12883"
"333","2015/8/20 3","6.035601053084175","6.099894619526272","4.629667510078863","7.040853983812646","5517855","3264"
"334","2015/8/20 4","6.133200869430531","6.139578669735794","4.787864966198723","6.844002475356367","5209165","3169"
"335","2015/8/20 5","6.256664223095564","6.082843969195758","4.332155074339851","6.736674831506968","27001294","2092"
"336","2015/8/20 6","6.516863482794108","6.4993839737946715","4.969095050751844","6.745724309182964","350031491","2813"
"337","2015/8/20 7","6.124609662381584","6.240457975212425","4.302460319604252","6.868545873742405","15558396","3290"
"338","2015/8/20 8","5.796680042592134","5.919513362284857","3.5093713430291205","6.969209446493764","58499037","4130"
"339","2015/8/20 9",,,,,,
"340","2015/8/20 10","6.440829953757608","6.168213652090993","4.5202780308394095","5.561718094801461","4240490","980"
"341","2015/8/20 11","6.5882231618809906","6.6472498768716495","5.939261455160563","8.528856475564108","672912447","53097"
"342","2015/8/21 0","4.801131625129729","4.542843879880285","4.844388630769389","2.20472600284191","113428","105"
"343","2015/8/21 1","6.473081849040938","6.424704786063331","5.687486754252052","8.174504875064208","78601318","19578"
"344","2015/8/21 2","6.391984527528429","6.297854906624018","5.390168518954288","7.779506147496565","15298119","9788"
"345","2015/8/21 3","6.261407128093137","6.096312162861034","4.452605317650113","6.772857104997593","3312113","2212"
"346","2015/8/21 4","6.326896938473217","6.104591048029265","4.599120564931527","6.506399208665744","2849018","2010"
"347","2015/8/21 5","1.9219280948873623","1.9219280948873623","2.321928094887362","0","5577","5"
"348","2015/8/21 6","5.261301445591831","4.516998180399376","2.7384559541063687","4.911297227324308","169624","169"
"349","2015/8/21 7",,,,,,
"350","2015/8/21 8",,,,,,
"351","2015/8/21 9",,,,,,
"352","2015/8/21 10","0","0","0","0","180","1"
"353","2015/8/21 11","6.493637317938721","6.4404901561960655","5.904923917175528","8.543726127470912","100235589","33761"
"354","2015/8/22 0","6.451174959282212","6.224433444965031","4.434857721302649","6.819467432158742","4069021","2616"
"355","2015/8/22 1","6.584848986151531","7.069986034770575","5.386071282783622","8.72725695590788","527061179","37379"
"356","2015/8/22 2","6.413580659013819","6.723102393289366","5.382821769543203","8.37976453991763","127416341","19252"
"357","2015/8/22 3","6.110001343208626","6.003562673471575","4.440486502576525","7.171503363284102","5421753","2974"
"358","2015/8/22 4","6.041911890585205","6.166004528744177","4.673159245191263","6.638360632170943","4269041","2593"
"359","2015/8/22 5","6.2216807234915485","6.039025408982962","4.603913872481212","6.826151162800029","7529280","2565"
"360","2015/8/22 6","6.39484488214163","6.473437653595037","4.311577038581322","7.115224710417935","26450286","3524"
"361","2015/8/22 7","6.10959300424122","6.515198770369093","3.8875946117436353","7.25989663149281","60084439","5000"
"362","2015/8/22 8","6.356391184818102","6.889291429959389","3.7793402932480475","7.287613087899795","191031068","5377"
"363","2015/8/22 9",,,,,,
"364","2015/8/22 10","6.875477344123417","7.038575438660961","4.625162454541353","6.6396766772067135","198660719","2085"
"365","2015/8/22 11","6.619744580962643","7.080417487860205","5.550961378514529","9.07302803793101","754456450","77661"
"366","2015/8/23 0","6.413337112215251","6.48205973979213","4.692594142830961","7.2503273342911285","9294217","3581"
"367","2015/8/23 1","6.671514674010526","7.124885552343107","5.419450354471463","8.898170915974635","676556871","59608"
"368","2015/8/23 2","6.888009477253515","6.789057226022374","5.389700544036748","7.271636512548549","175577550","6402"
"369","2015/8/23 3","6.309082510590594","6.354610615498229","4.852755002673542","6.920180378284127","5424029","3388"
"370","2015/8/23 4","5.735923047955618","6.037184808623992","3.9464424189578153","6.894573423708508","33303849","4400"
"371","2015/8/23 5","6.218316192989607","6.192588614698543","4.7266856571456275","7.120293309762507","6495953","3535"
"372","2015/8/23 6","5.780431522157746","6.122501377744891","3.739426516896818","7.04462886234314","47468852","5082"
"373","2015/8/23 7","5.929948302460543","6.6516485208601885","3.7071167424005536","7.201972460676816","101337706","6888"
"374","2015/8/23 8","6.578751487565746","7.059005062330085","4.223786140196644","7.576445431026101","110347228","7036"
"375","2015/8/23 9",,,,,,
"376","2015/8/23 10","6.510479529914788","6.8787524260068835","4.579275241719023","7.670296227413712","55967630","6453"
"377","2015/8/23 11","6.6554447311859315","7.167015414103577","5.444682324923604","9.069458751292467","1204468700","96545"
"378","2015/8/24 0","7.02588054014644","7.515314751761115","5.09145658264219","8.172954879960187","1953547037","15999"
"379","2015/8/24 2","6.2889597335086975","5.490896748150769","4.737385217987897","5.1356447945225","30535512","631"
"380","2015/8/24 3","1.584962500721156","1.584962500721156","0","1.584962500721156","1346","3"
"381","2015/8/24 4","1.584962500721156","1.584962500721156","0.9182958340544896","0.9182958340544896","2340","3"
"382","2015/8/24 5","2.94770277922009","2.94770277922009","2.94770277922009","0.5032583347756457","3773","9"
"383","2015/8/24 7",,,,,,
"384","2015/8/24 8",,,,,,
"385","2015/8/24 10",,,,,,
"386","2015/8/24 11","7.126304393282237","7.51385452631354","5.258229174821082","8.114757543553171","1989721713","17440"
"387","2015/8/25 0","6.28714746663104","6.40360760435214","4.87244368995077","7.278358915827596","10581135","3921"
"388","2015/8/25 1","6.903172253341218","7.5232899402469","5.318147280611088","8.819266663211387","1421022086","55541"
"389","2015/8/25 2","6.611537164316871","7.363526227256925","4.577635142735258","8.64343161836833","669832179","12134"
"390","2015/8/25 3","6.318910436170912","6.342643078333357","4.936878704368546","7.033907140555349","15611896","3633"
"391","2015/8/25 4","6.560183271044749","6.390648818422194","5.001521655127904","6.762579768437239","4837812","3036"
"392","2015/8/25 5","6.758815129873281","6.573551497510868","4.9978914931531415","6.689053740487276","4567825","2905"
"393","2015/8/25 6","6.610079252674741","6.628586705157175","4.585676387095089","7.136982586112021","36345037","4138"
"394","2015/8/25 7","6.262182248169776","6.838564909081124","4.003238104536942","7.341802022116756","116325302","6977"
"395","2015/8/25 8","6.493861664999868","6.96759077090844","4.306490781186224","7.566522777308252","143296248","6958"
"396","2015/8/25 9",,,,,,
"397","2015/8/25 10","6.873828258964545","7.142986501434093","4.842145211645539","7.440319818526218","22646011","5076"
"398","2015/8/25 11","6.848506230364399","7.498506167199562","5.420966008984509","9.089030402223013","2495498932","96522"
"399","2015/8/26 0","4.370525374463329","6.926708070668235","0.7574612393854163","9.33534443540858","3611246","2065"
"400","2015/8/26 1","4.9677873221548605","7.570234173903807","0.761036134156913","9.740628351201014","9784654","2838"
"401","2015/8/26 2","4.604013999706671","7.011764227780302","0.9777502128072444","10.058913473464793","8663417","3950"
"402","2015/8/26 3","4.566779184577938","6.9994999473908495","0.6624896730463182","8.717804777661557","2210971","1346"
"403","2015/8/26 4","4.875353226490131","7.176283030558401","0.7011546812074463","9.185840850774861","2004377","1605"
"404","2015/8/26 5","4.693821030513589","7.067372908933013","0.8613612105356291","9.211140052932869","116413303","1819"
"405","2015/8/26 6","4.29136410287051","6.855720696311712","0.7918612851457201","9.31048413253979","3870665","1931"
"406","2015/8/26 7","5.04788902117662","7.315012277108663","0.5527724858492661","8.248112471834332","1776407","963"
"407","2015/8/26 8",,,,,,
"408","2015/8/26 9",,,,,,
"409","2015/8/26 10","4.516112446800856","4.919342771075251","1.1042691811479988","4.867551447332106","469348","54"
"410","2015/8/26 11","4.859651228379366","7.588390780967378","0.9723937035970219","11.289199893728602","144256251","14400"
"411","2015/8/27 0","4.082183333441914","6.232230493270962","0.8094501138807786","8.955910691132388","3944903","1836"
"412","2015/8/27 1","5.9267690247248535","6.547276936540441","4.893226144028818","9.212798592016973","169818758","32864"
"413","2015/8/27 2","5.836188748543717","6.745349430103686","4.703662202751219","8.475267317393154","257159717","11982"
"414","2015/8/27 3","4.803897402294331","6.781893606254974","0.7288845031734508","8.249163579013562","1257409","882"
"415","2015/8/27 4","4.044973464445414","6.131541503627692","0.8960746333134837","8.872422844238152","3602287","1724"
"416","2015/8/27 5","4.22404670934197","6.34674442762869","0.7964382126105248","8.981676935269137","4068572","1808"
"417","2015/8/27 6","4.94806027876688","6.912983936158845","0.7326956610214106","8.787769264750443","2420781","1335"
"418","2015/8/27 7","4.343151697724319","6.65119623957709","0.7684339299360244","8.893184973817327","11961465","1866"
"419","2015/8/27 8","4.1892380903291455","6.343512935055122","0.9218475788435276","9.100205327221284","10583666","1949"
"420","2015/8/27 9",,,,,,
"421","2015/8/27 10","5.1104896132689825","6.408076312672904","2.4950906359135145","8.000130219679031","47247491","2573"
"422","2015/8/27 11","5.799763866508189","6.850144197052202","4.3516761474469625","9.941748436767444","428235557","53849"
"423","2015/8/28 0","5.407885789319838","6.122684916836385","4.26973731527188","7.040626539128496","5449057","2687"
"424","2015/8/28 1","6.01923403563566","6.788653652727266","5.070466434515583","8.879648167998532","152657470","35159"
"425","2015/8/28 2","6.0634651917210585","6.521690274954992","4.993783946953515","8.536872822346341","61860272","17783"
"426","2015/8/28 3","5.431971719918386","6.128056708852889","4.27868363076603","7.006253677388363","5167407","2690"
"427","2015/8/28 4","5.345184805200001","6.174665503909861","3.978759344297298","7.2377822342746185","5068662","2597"
"428","2015/8/28 5","4.060002166006994","6.266943760533153","0.927603031149123","8.879104172857662","4246851","1838"
"429","2015/8/28 6","4.067184627019779","6.312039758247462","0.9549977279021141","8.872808195197582","4206749","1916"
"430","2015/8/28 7","4.089055057780429","6.194773446793477","0.8960970385746836","8.529081270027472","5716117","1353"
"431","2015/8/28 8","5.317014369184873","6.21750980861705","3.8376459354622168","7.177829590805475","34773697","2866"
"432","2015/8/28 9",,,,,,
"433","2015/8/28 10","5.488889939626138","6.249410291250706","4.161067399536246","7.11932375959907","12373495","2955"
"434","2015/8/28 11","5.908232616634991","6.766627059882712","4.9233859269849995","9.3592858822876","333626713","66573"
"435","2015/8/29 0","6.765793479767526","6.894361190880221","4.827173759403672","6.72419810221887","6147934","2899"
"436","2015/8/29 1","7.6587193756317","6.962452491139831","6.270495220049482","6.151265555249444","311390901","4766"
"437","2015/8/29 2","7.37563764013746","6.3971336579784115","5.519378286070968","4.788836090752284","719062","917"
"438","2015/8/29 3","6.967264422033188","6.870843012937282","5.154139974102975","6.0218809440669965","2313973","1977"
"439","2015/8/29 4","6.860414173290156","6.9113922371325405","4.828584658433815","6.699804475011051","3831411","2814"
"440","2015/8/29 5","7.304770961625243","6.848611573193754","5.7800889877880754","4.9923949798434615","1115684","1278"
"441","2015/8/29 6","6.703137319751242","6.934297854554817","4.468381169917044","6.908875013181343","4039728","2645"
"442","2015/8/29 7","5.139487255840897","2.882116942130933","5.139487255840893","0.29643163178752324","22183","47"
"443","2015/8/29 8","7.452884231208762","6.418162152252628","4.844723947439622","3.955127842130195","981259","724"
"444","2015/8/29 9",,,,,,
"445","2015/8/29 10","8.152439541130251","5.837555192604403","7.551253749554304","2.135780351805472","52018564","679"
"446","2015/8/29 11","7.7806709264923635","5.500314262430547","9.533611318539945","5.11019093637622","1278129484","48109"
"447","2015/8/30 0",,,,,,
"448","2015/8/30 1","7.152007510274482","7.668104980580511","5.359764337466114","8.347374308527854","1188503615","25043"
"449","2015/8/30 2","6.903622950616964","6.997154703508701","5.720920844396574","7.613308349352989","606682658","10058"
"450","2015/8/30 3",,,,,,
"451","2015/8/30 4",,,,,,
"452","2015/8/30 5",,,,,,
"453","2015/8/30 6",,,,,,
"454","2015/8/30 7",,,,,,
"455","2015/8/30 8",,,,,,
"456","2015/8/30 9",,,,,,
"457","2015/8/31 0","5.655764584655455","3.6106935777410545","5.68215534201504","0.5250920047663297","43936","72"
"458","2015/8/31 1","6.605116341690664","7.19302727495639","5.367904058503733","8.897683516122685","506742131","55858"
"459","2015/8/31 2","5.140301089425228","7.401980532254207","2.5118224244677676","10.254752300120993","282855499","12312"
"460","2015/8/31 3","5.631832608042801","3.6756816352248958","6.01780842330723","0.7286894256027221","67031","92"
"461","2015/8/31 4","3.321928094887362","2.5219280948873624","3.321928094887362","0","8638","10"
"462","2015/8/31 5","7.304560954434727","5.5460331391084665","6.8266116634515726","2.2828299563305112","268591","397"
"463","2015/8/31 6",,,,,,
"464","2015/8/31 7","3.6901165175936654","3.381580488309164","3.175123135113461","2.0157404324930677","5723","17"
"465","2015/8/31 8","4.8711781263822145","4.078696876021636","4.162573265150911","0.9697383939907691","23719","36"
"466","2015/8/31 9",,,,,,
"467","2015/8/31 10","4.9312089489103235","3.9513156150024424","2.2480376875050574","3.993614958484102","29777","52"
"468","2015/8/31 11","7.1859885659188905","6.141481731804435","8.281668425946854","6.373953574279329","1584425945","153740"
"469","2015/9/1 0","4.051748868612861","6.9312501836179985","0.6760734560667495","9.410165994777657","4785274","2323"
"470","2015/9/1 1","4.363103923893935","7.074547644910905","1.159566883273437","9.182208906871235","190078208","1738"
"471","2015/9/1 2","4.132385969223836","6.940245919309154","0.6708983346371431","9.203788967576415","3177772","1678"
"472","2015/9/1 3","4.266829184079164","7.048029178300703","0.683042822784613","9.041008948967596","2299395","1497"
"473","2015/9/1 4","4.4405894175154295","7.056585794821773","0.8025475749068625","8.918215664145558","178373032","1581"
"474","2015/9/1 5","4.144997355251452","6.825000911389421","0.849685358238027","9.353258930276342","106079926","2105"
"475","2015/9/1 6",,,,,,
"476","2015/9/1 11","6.157393064714118","6.3960734540088655","5.959379968039069","9.596543304993478","1063778014","166213"
"477","2015/9/3 9",,,,,,
"478","2015/9/3 10","5.276122024673129","6.310596727908659","2.4543373259051227","7.436076926636105","1228265","927"
"479","2015/9/4 0","5.392920263030547","5.770196191535468","2.682133036760996","5.119525623237729","332095","236"
"480","2015/9/4 1","5.515750959023669","6.344631487917777","4.005516254660862","7.810770324581171","32382751","5446"
"481","2015/9/4 2","5.674567377499258","5.8423466414991045","3.454446636755511","4.748273199105908","341979","271"
"482","2015/9/4 3","5.727399198228486","6.259089879071658","3.4009538271689483","5.806376993494794","852353","583"
"483","2015/9/4 4","5.954093756130622","6.405828986645494","3.8166638435822686","6.020436859920949","1036241","840"
"484","2015/9/4 5","5.559791728937368","6.098707761765066","4.241933149904352","6.677551090709084","2939364","1790"
"485","2015/9/4 6","5.8567156652060595","6.26055699245676","3.938320503489383","6.454214346928731","2125836","1260"
"486","2015/9/4 7","5.972157113367295","6.595326516564439","3.6694533594301704","6.587535702136856","2748173","1677"
"487","2015/9/4 8","5.418793685226009","6.085940989350129","2.9822329992362224","6.518793824659007","16398899","1872"
"488","2015/9/4 9",,,,,,
"489","2015/9/4 10","5.713762469593366","6.601235366234688","2.687931401859345","6.778594380999703","19162329","1705"
"490","2015/9/4 11","5.897699743566477","6.696592701201401","4.5904290103334455","8.416578813540834","75761552","13440"
"491","2015/9/5 1","5.864576498822855","6.683014054427781","4.591741904933948","8.15392037215243","99836370","9648"
"492","2015/9/5 2","5.615781436234098","6.353923051003037","4.807195106253498","7.874665328958408","249959184","9051"
"493","2015/9/5 3",,,,,,
"494","2015/9/5 4",,,,,,
"495","2015/9/5 5",,,,,,
"496","2015/9/5 6",,,,,,
"497","2015/9/5 7",,,,,,
"498","2015/9/5 8",,,,,,
"499","2015/9/5 9",,,,,,
"500","2015/9/5 10","5.818634782843366","6.651697182476438","4.942135269609796","8.483057552270232","349795554","18699"
"501","2015/9/6 0","5.632072097329774","6.3220551139442005","4.039641725228927","6.72621420358446","2745368","1849"
"502","2015/9/6 1","6.179933128663703","7.164888173870823","5.081295946138542","8.510776969793607","843421451","55339"
"503","2015/9/6 2","6.2929082680190485","7.1037855561218635","5.375879399693028","8.214568428680415","641400005","14946"
"504","2015/9/6 3","5.527495327839125","6.0016285711050665","4.5096712646318675","6.57388578103639","3131961","1915"
"505","2015/9/6 4","5.821638018135114","6.362888090007249","4.223293482881126","6.467581162959922","2590526","1664"
"506","2015/9/6 5","5.9027641953426295","6.0754088393194685","4.0475017419214865","5.404121714937067","676757","539"
"507","2015/9/6 6","6.18849376929921","6.652751932281429","2.5034178552673234","5.363508598063485","8440227","430"
"508","2015/9/6 7","5.400134608609623","5.332861841819479","2.4470071959765103","4.274377139239239","53345","100"
"509","2015/9/6 8","5.55794851385936","5.656247432168535","3.6547299577850354","4.0564291686455585","240932","181"
"510","2015/9/6 9",,,,,,
"511","2015/9/6 10","5.958728163803956","6.61734902751683","4.669797245359066","7.081922988613093","25904326","5110"
"512","2015/9/6 11","6.30980400388688","7.282263183168803","5.275889408396245","8.70336167833864","1497051161","74472"
"513","2015/9/7 0","5.74129849465813","6.410476724322071","4.61955047639944","7.246018274782314","13457835","3378"
"514","2015/9/7 1","6.342334566085157","7.231765100020838","5.214665611183248","8.574783365031026","579629745","40673"
"515","2015/9/7 2","6.1180414369379665","6.891132106532176","5.169247310344558","8.20299008452532","107969263","16720"
"516","2015/9/7 3","5.628329561482584","6.210215301465872","4.6437018958303415","6.99325425540121","5770509","3188"
"517","2015/9/7 4","5.639389681508602","6.27730650161883","4.572117112791021","7.150174709298526","7938647","3356"
"518","2015/9/7 5","5.696055804262189","6.244404344610514","4.6852763024759065","7.0219449237421925","5689522","3074"
"519","2015/9/7 6","5.755523657116569","6.4125297735102516","4.438184165072337","7.118205320846582","9222019","3339"
"520","2015/9/7 7","5.617806978399934","6.6213836085279265","3.8867334166525667","7.093535987360332","101430207","5104"
"521","2015/9/7 8","5.831322166094979","6.659707172587488","4.345918680474225","7.283415162731316","143269192","5371"
"522","2015/9/7 9",,,,,,
"523","2015/9/7 10","5.89394673041922","6.659093235462657","4.59904125183875","7.316445918797527","70731220","5092"
"524","2015/9/7 11","6.244298399210301","7.1568570611704025","5.390750560735535","8.842283486330565","901467637","81071"
"525","2015/9/8 0","6.022961196150559","6.4662928745824075","4.433926409847927","6.592433336607214","3322054","1908"
"526","2015/9/8 1","6.326395503277549","7.090721437540522","5.599624033371008","8.504538133495728","641748505","43934"
"527","2015/9/8 2","6.091163817334554","6.756493697126703","5.464350578176873","8.024628334843031","29231004","13046"
"528","2015/9/8 3","5.946606961641435","6.450173608876462","4.739307093140425","6.898297189533502","4900972","2910"
"529","2015/9/8 4","5.864617049581303","6.408986138978433","4.617033352483777","6.855864826006154","65827742","2713"
"530","2015/9/8 5","5.977624580383344","6.466736829546597","4.853819866235201","6.876531934207366","248429302","2842"
"531","2015/9/8 6","5.710032883379603","6.287897023961727","3.4088244343747047","6.019614760276913","5133387","899"
"532","2015/9/8 7",,,,,,
"533","2015/9/8 8","0.9182958340544896","1.584962500721156","0.9182958340544896","0.9182958340544896","41001849","3"
"534","2015/9/8 9",,,,,,
"535","2015/9/8 10","6.281413454448307","6.99355122690856","5.052310063210565","7.257963095434314","237427097","4805"
"536","2015/9/8 11","6.361541116513018","7.094399873506848","5.76895543537832","8.649775629480532","1054896704","65159"
"537","2015/9/9 0","6.040945971474659","5.922946602269907","4.112264485642948","4.941817728004852","553490","423"
"538","2015/9/9 1","6.272861622016928","7.019931370965688","5.492448017728767","8.391702024820448","493519754","31838"
"539","2015/9/9 2","5.862959880063059","6.401113791723904","5.381098247384132","7.9112785227962705","74982511","11587"
"540","2015/9/9 3","6.0080829756538785","6.3962749785334","4.715108821099478","6.399034961090876","3342492","2006"
"541","2015/9/9 4","5.740363381635313","6.261462420459954","4.737870732098711","6.99123167253137","5369973","3120"
"542","2015/9/9 5","5.832218414692819","6.348002787876546","4.691860907957646","6.838093502588456","5240694","2815"
"543","2015/9/9 6","6.10700372764251","6.4781484356936465","4.542265719714385","6.429974100854744","6272492","1889"
"544","2015/9/9 7","5.899795160316858","6.7242435454801415","4.365586795727615","7.149434571002993","63529480","4849"
"545","2015/9/9 8","6.0573897503599525","6.752162916800643","4.38459401610225","7.185915822721742","164606160","5410"
"546","2015/9/9 9",,,,,,
"547","2015/9/9 10","6.0250659227052195","6.6976222224805735","4.558005676723541","7.282136709825403","43572039","5392"
"548","2015/9/9 11",,,,,,
"549","2015/9/10 0","6.074546913065414","5.929178327870502","4.748478220860792","6.929607881128527","4962924","3090"
"550","2015/9/10 1","6.151688251201363","6.13341842035152","5.818427724464604","8.66439721383298","140972082","35071"
"551","2015/9/10 2","6.176271746933126","5.977524897275448","5.547976426841875","8.15357618495115","24695198","14363"
"552","2015/9/10 3","6.062888669400891","5.911898737423607","4.854915772130018","6.765341312212955","4930207","2997"
"553","2015/9/10 4","6.075795590192768","5.834948543736303","4.898576419457199","6.828806667619667","4573717","3013"
"554","2015/9/10 5","6.054837518557119","5.891209199632736","4.882786963113265","6.815294914858653","4783495","3029"
"555","2015/9/10 6","6.077821556150004","5.913390415474335","4.735034869334644","6.93435507618513","5017966","3060"
"556","2015/9/10 7","6.009034728792626","5.994896364836878","4.247212758869167","6.9220102294442265","16065634","3539"
"557","2015/9/10 8","6.027601425480289","6.007928763979713","4.3864543314972595","6.916810300804778","29721060","3692"
"558","2015/9/10 9",,,,,,
"559","2015/9/10 10","5.965267522133403","6.007762545582773","4.461637801414179","7.039201895227736","12503367","3617"
"560","2015/9/10 11","6.178988020258183","6.123558095834456","6.05983405521516","8.977373419420745","225709863","68178"
"561","2015/9/11 0","6.137136383166785","5.827091909299092","4.804195229654914","6.796948486581673","3870867","2702"
"562","2015/9/11 1","6.105408469807025","6.035838628346166","5.75463243966236","8.715737061612922","136687483","33215"
"563","2015/9/11 2","6.052771238312974","5.925039664015555","5.567911841480279","8.080804165227812","23142951","14383"
"564","2015/9/11 3","6.052231498869654","5.714393458890266","4.8204212375560935","6.832381469941097","4530420","2673"
"565","2015/9/11 4","6.032408406183541","5.847331997221351","4.579212271516495","6.868659081285695","4699560","2822"
"566","2015/9/11 5","6.0217397390144365","5.730875427910552","4.855161735898117","6.731736892383629","4532728","2735"
"567","2015/9/11 6","6.140827762598634","5.982940351909506","4.549828912328732","6.916413412799637","19212182","3064"
"568","2015/9/11 7","6.0267747361907995","5.937931992702868","4.6219265861064915","6.4836628107296","21913011","2884"
"569","2015/9/11 8","6.161592468424887","5.9865283128273","4.635438437713659","6.865286082329789","20198387","2967"
"570","2015/9/11 9",,,,,,
"571","2015/9/11 10","6.027159111906227","5.964130739613425","4.553714463462101","6.992121831702339","10936245","3139"
"572","2015/9/11 11","6.156054296251677","6.086235068941186","6.045562194187507","8.982813348786891","232548894","64854"
"573","2015/9/12 0","5.997528966659388","5.786907764353497","4.704728149710862","6.866900681966632","4924298","2901"
"574","2015/9/12 1","6.0531330167726","5.747007652042435","4.8286223821152525","6.792057433123868","4139382","2755"
"575","2015/9/12 2","5.961436584962551","5.738282434974386","4.519881906733925","6.623552794312879","3750074","2182"
